"filename", "language", "JavaScript", "JSON with Comments", "HTML", "TypeScript", "JSON", "Markdown", "Vue", "SCSS", "XML", "comment", "blank", "total"
"e:\java-projects\smart-community\community-admin\.cz-config.js", "JavaScript", 27, 0, 0, 0, 0, 0, 0, 0, 0, 4, 0, 31
"e:\java-projects\smart-community\community-admin\.eslintrc.js", "JavaScript", 20, 0, 0, 0, 0, 0, 0, 0, 0, 0, 1, 21
"e:\java-projects\smart-community\community-admin\.prettierrc.js", "JavaScript", 15, 0, 0, 0, 0, 0, 0, 0, 0, 14, 1, 30
"e:\java-projects\smart-community\community-admin\CHANGELOG.md", "Markdown", 0, 0, 0, 0, 0, 76, 0, 0, 0, 0, 10, 86
"e:\java-projects\smart-community\community-admin\README.md", "Markdown", 0, 0, 0, 0, 0, 13, 0, 0, 0, 0, 8, 21
"e:\java-projects\smart-community\community-admin\commitlint.config.js", "JavaScript", 22, 0, 0, 0, 0, 0, 0, 0, 0, 4, 1, 27
"e:\java-projects\smart-community\community-admin\index.html", "HTML", 0, 0, 14, 0, 0, 0, 0, 0, 0, 0, 1, 15
"e:\java-projects\smart-community\community-admin\package.json", "JSON", 0, 0, 0, 0, 75, 0, 0, 0, 0, 0, 1, 76
"e:\java-projects\smart-community\community-admin\src\App.vue", "Vue", 0, 0, 0, 0, 0, 0, 21, 0, 0, 0, 5, 26
"e:\java-projects\smart-community\community-admin\src\api\auth.ts", "TypeScript", 0, 0, 0, 16, 0, 0, 0, 0, 0, 0, 6, 22
"e:\java-projects\smart-community\community-admin\src\api\building\building.ts", "TypeScript", 0, 0, 0, 24, 0, 0, 0, 0, 0, 15, 5, 44
"e:\java-projects\smart-community\community-admin\src\api\car\car.ts", "TypeScript", 0, 0, 0, 17, 0, 0, 0, 0, 0, 0, 2, 19
"e:\java-projects\smart-community\community-admin\src\api\carport\carport.ts", "TypeScript", 0, 0, 0, 29, 0, 0, 0, 0, 0, 0, 3, 32
"e:\java-projects\smart-community\community-admin\src\api\community\community.ts", "TypeScript", 0, 0, 0, 17, 0, 0, 0, 0, 0, 18, 3, 38
"e:\java-projects\smart-community\community-admin\src\api\house\house.ts", "TypeScript", 0, 0, 0, 14, 0, 0, 0, 0, 0, 0, 3, 17
"e:\java-projects\smart-community\community-admin\src\api\mall\mall.ts", "TypeScript", 0, 0, 0, 20, 0, 0, 0, 0, 0, 18, 3, 41
"e:\java-projects\smart-community\community-admin\src\api\message\sms.ts", "TypeScript", 0, 0, 0, 14, 0, 0, 0, 0, 0, 0, 4, 18
"e:\java-projects\smart-community\community-admin\src\api\owner\owner.ts", "TypeScript", 0, 0, 0, 19, 0, 0, 0, 0, 0, 0, 2, 21
"e:\java-projects\smart-community\community-admin\src\api\park\park.ts", "TypeScript", 0, 0, 0, 11, 0, 0, 0, 0, 0, 0, 2, 13
"e:\java-projects\smart-community\community-admin\src\api\property\complaint.ts", "TypeScript", 0, 0, 0, 11, 0, 0, 0, 0, 0, 0, 2, 13
"e:\java-projects\smart-community\community-admin\src\api\property\notice.ts", "TypeScript", 0, 0, 0, 14, 0, 0, 0, 0, 0, 0, 6, 20
"e:\java-projects\smart-community\community-admin\src\api\property\phone.ts", "TypeScript", 0, 0, 0, 11, 0, 0, 0, 0, 0, 0, 2, 13
"e:\java-projects\smart-community\community-admin\src\api\property\repair.ts", "TypeScript", 0, 0, 0, 11, 0, 0, 0, 0, 0, 0, 2, 13
"e:\java-projects\smart-community\community-admin\src\api\record\record.ts", "TypeScript", 0, 0, 0, 14, 0, 0, 0, 0, 0, 0, 2, 16
"e:\java-projects\smart-community\community-admin\src\api\safe\inspectionItem.ts", "TypeScript", 0, 0, 0, 11, 0, 0, 0, 0, 0, 10, 2, 23
"e:\java-projects\smart-community\community-admin\src\api\safe\path.ts", "TypeScript", 0, 0, 0, 17, 0, 0, 0, 0, 0, 5, 5, 27
"e:\java-projects\smart-community\community-admin\src\api\safe\plan.ts", "TypeScript", 0, 0, 0, 17, 0, 0, 0, 0, 0, 19, 5, 41
"e:\java-projects\smart-community\community-admin\src\api\safe\point.ts", "TypeScript", 0, 0, 0, 20, 0, 0, 0, 0, 0, 5, 6, 31
"e:\java-projects\smart-community\community-admin\src\api\smart\index.ts", "TypeScript", 0, 0, 0, 82, 0, 0, 0, 0, 0, 0, 20, 102
"e:\java-projects\smart-community\community-admin\src\api\society\activity.ts", "TypeScript", 0, 0, 0, 41, 0, 0, 0, 0, 0, 2, 4, 47
"e:\java-projects\smart-community\community-admin\src\api\society\invitation.ts", "TypeScript", 0, 0, 0, 12, 0, 0, 0, 0, 0, 0, 1, 13
"e:\java-projects\smart-community\community-admin\src\api\society\order.ts", "TypeScript", 0, 0, 0, 28, 0, 0, 0, 0, 0, 3, 5, 36
"e:\java-projects\smart-community\community-admin\src\api\sys\dict.ts", "TypeScript", 0, 0, 0, 24, 0, 0, 0, 0, 0, 0, 6, 30
"e:\java-projects\smart-community\community-admin\src\api\sys\log.ts", "TypeScript", 0, 0, 0, 5, 0, 0, 0, 0, 0, 1, 1, 7
"e:\java-projects\smart-community\community-admin\src\api\sys\menu.ts", "TypeScript", 0, 0, 0, 21, 0, 0, 0, 0, 0, 1, 7, 29
"e:\java-projects\smart-community\community-admin\src\api\sys\orgs.ts", "TypeScript", 0, 0, 0, 14, 0, 0, 0, 0, 0, 0, 4, 18
"e:\java-projects\smart-community\community-admin\src\api\sys\params.ts", "TypeScript", 0, 0, 0, 11, 0, 0, 0, 0, 0, 0, 3, 14
"e:\java-projects\smart-community\community-admin\src\api\sys\post.ts", "TypeScript", 0, 0, 0, 14, 0, 0, 0, 0, 0, 0, 4, 18
"e:\java-projects\smart-community\community-admin\src\api\sys\role.ts", "TypeScript", 0, 0, 0, 23, 0, 0, 0, 0, 0, 0, 7, 30
"e:\java-projects\smart-community\community-admin\src\api\sys\role_log.ts", "TypeScript", 0, 0, 0, 7, 0, 0, 0, 0, 0, 0, 2, 9
"e:\java-projects\smart-community\community-admin\src\api\sys\user.ts", "TypeScript", 0, 0, 0, 31, 0, 0, 0, 0, 0, 0, 6, 37
"e:\java-projects\smart-community\community-admin\src\components\fast-radio-group\index.ts", "TypeScript", 0, 0, 0, 3, 0, 0, 0, 0, 0, 0, 2, 5
"e:\java-projects\smart-community\community-admin\src\components\fast-radio-group\src\fast-radio-group.vue", "Vue", 0, 0, 0, 0, 0, 0, 20, 0, 0, 0, 4, 24
"e:\java-projects\smart-community\community-admin\src\components\fast-select\index.ts", "TypeScript", 0, 0, 0, 3, 0, 0, 0, 0, 0, 0, 2, 5
"e:\java-projects\smart-community\community-admin\src\components\fast-select\src\fast-select.vue", "Vue", 0, 0, 0, 0, 0, 0, 30, 0, 0, 0, 4, 34
"e:\java-projects\smart-community\community-admin\src\components\fast-table-column\index.ts", "TypeScript", 0, 0, 0, 3, 0, 0, 0, 0, 0, 0, 2, 5
"e:\java-projects\smart-community\community-admin\src\components\fast-table-column\src\fast-table-column.vue", "Vue", 0, 0, 0, 0, 0, 0, 70, 0, 0, 0, 3, 73
"e:\java-projects\smart-community\community-admin\src\components\fast-user\index.ts", "TypeScript", 0, 0, 0, 3, 0, 0, 0, 0, 0, 0, 2, 5
"e:\java-projects\smart-community\community-admin\src\components\fast-user\src\fast-user.vue", "Vue", 0, 0, 0, 0, 0, 0, 88, 0, 0, 0, 10, 98
"e:\java-projects\smart-community\community-admin\src\components\position\mapper.vue", "Vue", 0, 0, 0, 0, 0, 0, 235, 0, 0, 0, 12, 247
"e:\java-projects\smart-community\community-admin\src\components\svg-icon\index.ts", "TypeScript", 0, 0, 0, 3, 0, 0, 0, 0, 0, 0, 2, 5
"e:\java-projects\smart-community\community-admin\src\components\svg-icon\src\svg-icon.vue", "Vue", 0, 0, 0, 0, 0, 0, 40, 0, 0, 0, 5, 45
"e:\java-projects\smart-community\community-admin\src\components\wang-editor\index.vue", "Vue", 0, 0, 0, 0, 0, 0, 79, 0, 0, 2, 9, 90
"e:\java-projects\smart-community\community-admin\src\hooks\index.ts", "TypeScript", 0, 0, 0, 173, 0, 0, 0, 0, 0, 10, 28, 211
"e:\java-projects\smart-community\community-admin\src\hooks\interface.ts", "TypeScript", 0, 0, 0, 18, 0, 0, 0, 0, 0, 15, 1, 34
"e:\java-projects\smart-community\community-admin\src\icons\iconfont\iconfont.js", "JavaScript", 1, 0, 0, 0, 0, 0, 0, 0, 0, 0, 0, 1
"e:\java-projects\smart-community\community-admin\src\icons\svg\404.svg", "XML", 0, 0, 0, 0, 0, 0, 0, 0, 1, 0, 0, 1
"e:\java-projects\smart-community\community-admin\src\layout\components\Logo\index.vue", "Vue", 0, 0, 0, 0, 0, 0, 36, 0, 0, 0, 3, 39
"e:\java-projects\smart-community\community-admin\src\layout\components\Main\index.vue", "Vue", 0, 0, 0, 0, 0, 0, 31, 0, 0, 0, 3, 34
"e:\java-projects\smart-community\community-admin\src\layout\components\Menu\MenuItem.vue", "Vue", 0, 0, 0, 0, 0, 0, 48, 0, 0, 0, 7, 55
"e:\java-projects\smart-community\community-admin\src\layout\components\Navbar\NavbarLeft.vue", "Vue", 0, 0, 0, 0, 0, 0, 21, 0, 0, 0, 3, 24
"e:\java-projects\smart-community\community-admin\src\layout\components\Navbar\NavbarRight.vue", "Vue", 0, 0, 0, 0, 0, 0, 30, 0, 0, 0, 3, 33
"e:\java-projects\smart-community\community-admin\src\layout\components\Navbar\components\Breadcrumb.vue", "Vue", 0, 0, 0, 0, 0, 0, 25, 0, 0, 0, 4, 29
"e:\java-projects\smart-community\community-admin\src\layout\components\Navbar\components\Fullscreen.vue", "Vue", 0, 0, 0, 0, 0, 0, 7, 0, 0, 0, 3, 10
"e:\java-projects\smart-community\community-admin\src\layout\components\Navbar\components\Hamburger.vue", "Vue", 0, 0, 0, 0, 0, 0, 26, 0, 0, 0, 6, 32
"e:\java-projects\smart-community\community-admin\src\layout\components\Navbar\components\Refresh.vue", "Vue", 0, 0, 0, 0, 0, 0, 19, 0, 0, 0, 4, 23
"e:\java-projects\smart-community\community-admin\src\layout\components\Navbar\components\ThemeSettings.vue", "Vue", 0, 0, 0, 0, 0, 0, 11, 0, 0, 0, 2, 13
"e:\java-projects\smart-community\community-admin\src\layout\components\Navbar\components\User.vue", "Vue", 0, 0, 0, 0, 0, 0, 55, 0, 0, 0, 5, 60
"e:\java-projects\smart-community\community-admin\src\layout\components\Router\Iframe.vue", "Vue", 0, 0, 0, 0, 0, 0, 44, 0, 0, 0, 7, 51
"e:\java-projects\smart-community\community-admin\src\layout\components\Router\Redirect.vue", "Vue", 0, 0, 0, 0, 0, 0, 17, 0, 0, 0, 2, 19
"e:\java-projects\smart-community\community-admin\src\layout\components\Settings\components\SelectItem.vue", "Vue", 0, 0, 0, 0, 0, 0, 42, 0, 0, 0, 5, 47
"e:\java-projects\smart-community\community-admin\src\layout\components\Settings\components\SwitchItem.vue", "Vue", 0, 0, 0, 0, 0, 0, 35, 0, 0, 0, 4, 39
"e:\java-projects\smart-community\community-admin\src\layout\components\Settings\index.vue", "Vue", 0, 0, 0, 0, 0, 0, 344, 0, 0, 1, 31, 376
"e:\java-projects\smart-community\community-admin\src\layout\components\Tabs\index.vue", "Vue", 0, 0, 0, 0, 0, 0, 211, 0, 0, 0, 16, 227
"e:\java-projects\smart-community\community-admin\src\layout\components\Theme\Columns.vue", "Vue", 0, 0, 0, 0, 0, 0, 246, 0, 0, 0, 17, 263
"e:\java-projects\smart-community\community-admin\src\layout\components\Theme\Transverse.vue", "Vue", 0, 0, 0, 0, 0, 0, 78, 0, 0, 0, 7, 85
"e:\java-projects\smart-community\community-admin\src\layout\components\Theme\Vertical.vue", "Vue", 0, 0, 0, 0, 0, 0, 83, 0, 0, 0, 8, 91
"e:\java-projects\smart-community\community-admin\src\layout\index.vue", "Vue", 0, 0, 0, 0, 0, 0, 18, 0, 0, 0, 4, 22
"e:\java-projects\smart-community\community-admin\src\main.ts", "TypeScript", 0, 0, 0, 43, 0, 0, 0, 0, 0, 3, 15, 61
"e:\java-projects\smart-community\community-admin\src\router\index.ts", "TypeScript", 0, 0, 0, 222, 0, 0, 0, 0, 0, 22, 30, 274
"e:\java-projects\smart-community\community-admin\src\store\index.ts", "TypeScript", 0, 0, 0, 12, 0, 0, 0, 0, 0, 0, 4, 16
"e:\java-projects\smart-community\community-admin\src\store\modules\app.ts", "TypeScript", 0, 0, 0, 29, 0, 0, 0, 0, 0, 3, 2, 34
"e:\java-projects\smart-community\community-admin\src\store\modules\router.ts", "TypeScript", 0, 0, 0, 23, 0, 0, 0, 0, 0, 1, 5, 29
"e:\java-projects\smart-community\community-admin\src\store\modules\tabs.ts", "TypeScript", 0, 0, 0, 61, 0, 0, 0, 0, 0, 0, 5, 66
"e:\java-projects\smart-community\community-admin\src\store\modules\user.ts", "TypeScript", 0, 0, 0, 46, 0, 0, 0, 0, 0, 9, 2, 57
"e:\java-projects\smart-community\community-admin\src\store\theme\config.ts", "TypeScript", 0, 0, 0, 13, 0, 0, 0, 0, 0, 0, 2, 15
"e:\java-projects\smart-community\community-admin\src\store\theme\interface.ts", "TypeScript", 0, 0, 0, 12, 0, 0, 0, 0, 0, 10, 1, 23
"e:\java-projects\smart-community\community-admin\src\styles\dark.scss", "SCSS", 0, 0, 0, 0, 0, 0, 0, 53, 0, 1, 11, 65
"e:\java-projects\smart-community\community-admin\src\styles\element.scss", "SCSS", 0, 0, 0, 0, 0, 0, 0, 78, 0, 2, 15, 95
"e:\java-projects\smart-community\community-admin\src\styles\index.scss", "SCSS", 0, 0, 0, 0, 0, 0, 0, 5, 0, 0, 1, 6
"e:\java-projects\smart-community\community-admin\src\styles\layout.scss", "SCSS", 0, 0, 0, 0, 0, 0, 0, 76, 0, 1, 5, 82
"e:\java-projects\smart-community\community-admin\src\styles\theme.scss", "SCSS", 0, 0, 0, 0, 0, 0, 0, 34, 0, 2, 3, 39
"e:\java-projects\smart-community\community-admin\src\styles\variables.scss", "SCSS", 0, 0, 0, 0, 0, 0, 0, 14, 0, 0, 4, 18
"e:\java-projects\smart-community\community-admin\src\types\shims.d.ts", "TypeScript", 0, 0, 0, 12, 0, 0, 0, 0, 0, 0, 2, 14
"e:\java-projects\smart-community\community-admin\src\utils\cache\index.ts", "TypeScript", 0, 0, 0, 28, 0, 0, 0, 0, 0, 1, 9, 38
"e:\java-projects\smart-community\community-admin\src\utils\cache\key.ts", "TypeScript", 0, 0, 0, 5, 0, 0, 0, 0, 0, 0, 1, 6
"e:\java-projects\smart-community\community-admin\src\utils\constant.ts", "TypeScript", 0, 0, 0, 15, 0, 0, 0, 0, 0, 11, 9, 35
"e:\java-projects\smart-community\community-admin\src\utils\directive\auth.ts", "TypeScript", 0, 0, 0, 11, 0, 0, 0, 0, 0, 1, 2, 14
"e:\java-projects\smart-community\community-admin\src\utils\directive\index.ts", "TypeScript", 0, 0, 0, 5, 0, 0, 0, 0, 0, 1, 2, 8
"e:\java-projects\smart-community\community-admin\src\utils\emits.ts", "TypeScript", 0, 0, 0, 2, 0, 0, 0, 0, 0, 0, 2, 4
"e:\java-projects\smart-community\community-admin\src\utils\request.ts", "TypeScript", 0, 0, 0, 49, 0, 0, 0, 0, 0, 8, 12, 69
"e:\java-projects\smart-community\community-admin\src\utils\storage.ts", "TypeScript", 0, 0, 0, 36, 0, 0, 0, 0, 0, 14, 2, 52
"e:\java-projects\smart-community\community-admin\src\utils\tabs.ts", "TypeScript", 0, 0, 0, 28, 0, 0, 0, 0, 0, 4, 6, 38
"e:\java-projects\smart-community\community-admin\src\utils\theme.ts", "TypeScript", 0, 0, 0, 41, 0, 0, 0, 0, 0, 5, 6, 52
"e:\java-projects\smart-community\community-admin\src\utils\tool.ts", "TypeScript", 0, 0, 0, 69, 0, 0, 0, 0, 0, 10, 11, 90
"e:\java-projects\smart-community\community-admin\src\utils\validate.ts", "TypeScript", 0, 0, 0, 22, 0, 0, 0, 0, 0, 0, 5, 27
"e:\java-projects\smart-community\community-admin\src\views\404.vue", "Vue", 0, 0, 0, 0, 0, 0, 29, 0, 0, 0, 4, 33
"e:\java-projects\smart-community\community-admin\src\views\community\building\add-or-update.vue", "Vue", 0, 0, 0, 0, 0, 0, 123, 0, 0, 0, 14, 137
"e:\java-projects\smart-community\community-admin\src\views\community\building\index.vue", "Vue", 0, 0, 0, 0, 0, 0, 125, 0, 0, 2, 10, 137
"e:\java-projects\smart-community\community-admin\src\views\community\community\add-or-update.vue", "Vue", 0, 0, 0, 0, 0, 0, 118, 0, 0, 1, 14, 133
"e:\java-projects\smart-community\community-admin\src\views\community\community\detail.vue", "Vue", 0, 0, 0, 0, 0, 0, 73, 0, 0, 0, 6, 79
"e:\java-projects\smart-community\community-admin\src\views\community\community\index.vue", "Vue", 0, 0, 0, 0, 0, 0, 125, 0, 0, 3, 10, 138
"e:\java-projects\smart-community\community-admin\src\views\community\house\add-or-update.vue", "Vue", 0, 0, 0, 0, 0, 0, 186, 0, 0, 0, 14, 200
"e:\java-projects\smart-community\community-admin\src\views\community\house\index.vue", "Vue", 0, 0, 0, 0, 0, 0, 132, 0, 0, 2, 7, 141
"e:\java-projects\smart-community\community-admin\src\views\community\mall\add-or-update.vue", "Vue", 0, 0, 0, 0, 0, 0, 160, 0, 0, 3, 16, 179
"e:\java-projects\smart-community\community-admin\src\views\community\mall\index.vue", "Vue", 0, 0, 0, 0, 0, 0, 129, 0, 0, 2, 7, 138
"e:\java-projects\smart-community\community-admin\src\views\ext\cropper\index.vue", "Vue", 0, 0, 0, 0, 0, 0, 74, 0, 0, 0, 8, 82
"e:\java-projects\smart-community\community-admin\src\views\ext\icons\index.vue", "Vue", 0, 0, 0, 0, 0, 0, 55, 0, 0, 0, 5, 60
"e:\java-projects\smart-community\community-admin\src\views\ext\printJs\index.vue", "Vue", 0, 0, 0, 0, 0, 0, 19, 0, 0, 0, 3, 22
"e:\java-projects\smart-community\community-admin\src\views\ext\qrcode\index.vue", "Vue", 0, 0, 0, 0, 0, 0, 25, 0, 0, 0, 3, 28
"e:\java-projects\smart-community\community-admin\src\views\ext\wangeditor\index.vue", "Vue", 0, 0, 0, 0, 0, 0, 10, 0, 0, 0, 2, 12
"e:\java-projects\smart-community\community-admin\src\views\home.vue", "Vue", 0, 0, 0, 0, 0, 0, 18, 0, 0, 0, 4, 22
"e:\java-projects\smart-community\community-admin\src\views\login\account.vue", "Vue", 0, 0, 0, 0, 0, 0, 94, 0, 0, 0, 10, 104
"e:\java-projects\smart-community\community-admin\src\views\login\index.vue", "Vue", 0, 0, 0, 0, 0, 0, 103, 0, 0, 0, 6, 109
"e:\java-projects\smart-community\community-admin\src\views\login\mobile.vue", "Vue", 0, 0, 0, 0, 0, 0, 104, 0, 0, 0, 13, 117
"e:\java-projects\smart-community\community-admin\src\views\message\sms\log\detail.vue", "Vue", 0, 0, 0, 0, 0, 0, 73, 0, 0, 0, 6, 79
"e:\java-projects\smart-community\community-admin\src\views\message\sms\log\index.vue", "Vue", 0, 0, 0, 0, 0, 0, 58, 0, 0, 1, 6, 65
"e:\java-projects\smart-community\community-admin\src\views\message\sms\platform\add-or-update.vue", "Vue", 0, 0, 0, 0, 0, 0, 108, 0, 0, 0, 13, 121
"e:\java-projects\smart-community\community-admin\src\views\message\sms\platform\index.vue", "Vue", 0, 0, 0, 0, 0, 0, 73, 0, 0, 2, 7, 82
"e:\java-projects\smart-community\community-admin\src\views\message\sms\platform\send.vue", "Vue", 0, 0, 0, 0, 0, 0, 70, 0, 0, 0, 12, 82
"e:\java-projects\smart-community\community-admin\src\views\owner\index.vue", "Vue", 0, 0, 0, 0, 0, 0, 214, 0, 0, 0, 2, 216
"e:\java-projects\smart-community\community-admin\src\views\owner\info.vue", "Vue", 0, 0, 0, 0, 0, 0, 155, 0, 0, 0, 3, 158
"e:\java-projects\smart-community\community-admin\src\views\park\car\add-or-update.vue", "Vue", 0, 0, 0, 0, 0, 0, 108, 0, 0, 0, 13, 121
"e:\java-projects\smart-community\community-admin\src\views\park\car\index.vue", "Vue", 0, 0, 0, 0, 0, 0, 126, 0, 0, 1, 8, 135
"e:\java-projects\smart-community\community-admin\src\views\park\carport\add-or-update.vue", "Vue", 0, 0, 0, 0, 0, 0, 186, 0, 0, 0, 17, 203
"e:\java-projects\smart-community\community-admin\src\views\park\carport\index.vue", "Vue", 0, 0, 0, 0, 0, 0, 142, 0, 0, 1, 8, 151
"e:\java-projects\smart-community\community-admin\src\views\park\park\add-or-update.vue", "Vue", 0, 0, 0, 0, 0, 0, 141, 0, 0, 0, 17, 158
"e:\java-projects\smart-community\community-admin\src\views\park\park\index.vue", "Vue", 0, 0, 0, 0, 0, 0, 105, 0, 0, 1, 10, 116
"e:\java-projects\smart-community\community-admin\src\views\park\record\detail.vue", "Vue", 0, 0, 0, 0, 0, 0, 112, 0, 0, 1, 11, 124
"e:\java-projects\smart-community\community-admin\src\views\park\record\index.vue", "Vue", 0, 0, 0, 0, 0, 0, 84, 0, 0, 0, 5, 89
"e:\java-projects\smart-community\community-admin\src\views\payment\count\index.vue", "Vue", 0, 0, 0, 0, 0, 0, 89, 0, 0, 19, 15, 123
"e:\java-projects\smart-community\community-admin\src\views\payment\create\add-or-updates.vue", "Vue", 0, 0, 0, 0, 0, 0, 183, 0, 0, 4, 17, 204
"e:\java-projects\smart-community\community-admin\src\views\payment\create\index.vue", "Vue", 0, 0, 0, 0, 0, 0, 151, 0, 0, 5, 13, 169
"e:\java-projects\smart-community\community-admin\src\views\payment\record\add-or-updates.vue", "Vue", 0, 0, 0, 0, 0, 0, 173, 0, 0, 1, 17, 191
"e:\java-projects\smart-community\community-admin\src\views\payment\record\index.vue", "Vue", 0, 0, 0, 0, 0, 0, 143, 0, 0, 4, 13, 160
"e:\java-projects\smart-community\community-admin\src\views\profile\avatar.vue", "Vue", 0, 0, 0, 0, 0, 0, 65, 0, 0, 0, 6, 71
"e:\java-projects\smart-community\community-admin\src\views\profile\password.vue", "Vue", 0, 0, 0, 0, 0, 0, 56, 0, 0, 0, 7, 63
"e:\java-projects\smart-community\community-admin\src\views\property\complaint\add-or-update.vue", "Vue", 0, 0, 0, 0, 0, 0, 82, 0, 0, 2, 12, 96
"e:\java-projects\smart-community\community-admin\src\views\property\complaint\index.vue", "Vue", 0, 0, 0, 0, 0, 0, 93, 0, 0, 17, 5, 115
"e:\java-projects\smart-community\community-admin\src\views\property\complaint\info.vue", "Vue", 0, 0, 0, 0, 0, 0, 66, 0, 0, 1, 7, 74
"e:\java-projects\smart-community\community-admin\src\views\property\info.vue", "Vue", 0, 0, 0, 0, 0, 0, 16, 0, 0, 0, 6, 22
"e:\java-projects\smart-community\community-admin\src\views\property\notice\add-or-update.vue", "Vue", 0, 0, 0, 0, 0, 0, 168, 0, 0, 0, 17, 185
"e:\java-projects\smart-community\community-admin\src\views\property\notice\index.vue", "Vue", 0, 0, 0, 0, 0, 0, 115, 0, 0, 3, 11, 129
"e:\java-projects\smart-community\community-admin\src\views\property\notice\info.vue", "Vue", 0, 0, 0, 0, 0, 0, 60, 0, 0, 0, 6, 66
"e:\java-projects\smart-community\community-admin\src\views\property\phone\add-or-update.vue", "Vue", 0, 0, 0, 0, 0, 0, 79, 0, 0, 9, 15, 103
"e:\java-projects\smart-community\community-admin\src\views\property\phone\index.vue", "Vue", 0, 0, 0, 0, 0, 0, 72, 0, 0, 3, 6, 81
"e:\java-projects\smart-community\community-admin\src\views\property\property.ts", "TypeScript", 0, 0, 0, 65, 0, 0, 0, 0, 0, 34, 18, 117
"e:\java-projects\smart-community\community-admin\src\views\property\repair\add-or-update.vue", "Vue", 0, 0, 0, 0, 0, 0, 88, 0, 0, 2, 12, 102
"e:\java-projects\smart-community\community-admin\src\views\property\repair\handle.vue", "Vue", 0, 0, 0, 0, 0, 0, 122, 0, 0, 0, 13, 135
"e:\java-projects\smart-community\community-admin\src\views\property\repair\index.vue", "Vue", 0, 0, 0, 0, 0, 0, 112, 0, 0, 4, 8, 124
"e:\java-projects\smart-community\community-admin\src\views\property\repair\info.vue", "Vue", 0, 0, 0, 0, 0, 0, 77, 0, 0, 1, 9, 87
"e:\java-projects\smart-community\community-admin\src\views\safe\inspection\add-or-update.vue", "Vue", 0, 0, 0, 0, 0, 0, 165, 0, 0, 0, 17, 182
"e:\java-projects\smart-community\community-admin\src\views\safe\inspection\index.vue", "Vue", 0, 0, 0, 0, 0, 0, 89, 0, 0, 4, 7, 100
"e:\java-projects\smart-community\community-admin\src\views\safe\path\add-or-update.vue", "Vue", 0, 0, 0, 0, 0, 0, 169, 0, 0, 14, 30, 213
"e:\java-projects\smart-community\community-admin\src\views\safe\path\index.vue", "Vue", 0, 0, 0, 0, 0, 0, 82, 0, 0, 9, 10, 101
"e:\java-projects\smart-community\community-admin\src\views\safe\plan\add-or-update.vue", "Vue", 0, 0, 0, 0, 0, 0, 178, 0, 0, 0, 13, 191
"e:\java-projects\smart-community\community-admin\src\views\safe\plan\index.vue", "Vue", 0, 0, 0, 0, 0, 0, 94, 0, 0, 1, 6, 101
"e:\java-projects\smart-community\community-admin\src\views\safe\point\add-or-update.vue", "Vue", 0, 0, 0, 0, 0, 0, 149, 0, 0, 3, 22, 174
"e:\java-projects\smart-community\community-admin\src\views\safe\point\index.vue", "Vue", 0, 0, 0, 0, 0, 0, 95, 0, 0, 7, 10, 112
"e:\java-projects\smart-community\community-admin\src\views\safe\point\record.vue", "Vue", 0, 0, 0, 0, 0, 0, 76, 0, 0, 0, 8, 84
"e:\java-projects\smart-community\community-admin\src\views\safe\record\pointRecord.vue", "Vue", 0, 0, 0, 0, 0, 0, 5, 0, 0, 0, 3, 8
"e:\java-projects\smart-community\community-admin\src\views\smart\device\add-or-update.vue", "Vue", 0, 0, 0, 0, 0, 0, 114, 0, 0, 0, 14, 128
"e:\java-projects\smart-community\community-admin\src\views\smart\device\index.vue", "Vue", 0, 0, 0, 0, 0, 0, 94, 0, 0, 1, 9, 104
"e:\java-projects\smart-community\community-admin\src\views\smart\device\type-add-update.vue", "Vue", 0, 0, 0, 0, 0, 0, 86, 0, 0, 0, 13, 99
"e:\java-projects\smart-community\community-admin\src\views\smart\device\type.vue", "Vue", 0, 0, 0, 0, 0, 0, 75, 0, 0, 1, 6, 82
"e:\java-projects\smart-community\community-admin\src\views\smart\door\add-or-update.vue", "Vue", 0, 0, 0, 0, 0, 0, 153, 0, 0, 0, 21, 174
"e:\java-projects\smart-community\community-admin\src\views\smart\door\index.vue", "Vue", 0, 0, 0, 0, 0, 0, 100, 0, 0, 1, 9, 110
"e:\java-projects\smart-community\community-admin\src\views\smart\door\pass-record.vue", "Vue", 0, 0, 0, 0, 0, 0, 95, 0, 0, 0, 8, 103
"e:\java-projects\smart-community\community-admin\src\views\smart\door\review.vue", "Vue", 0, 0, 0, 0, 0, 0, 104, 0, 0, 0, 7, 111
"e:\java-projects\smart-community\community-admin\src\views\smart\door\setting.vue", "Vue", 0, 0, 0, 0, 0, 0, 115, 0, 0, 0, 9, 124
"e:\java-projects\smart-community\community-admin\src\views\smart\entity.ts", "TypeScript", 0, 0, 0, 12, 0, 0, 0, 0, 0, 1, 1, 14
"e:\java-projects\smart-community\community-admin\src\views\smart\meter\add-or-update.vue", "Vue", 0, 0, 0, 0, 0, 0, 137, 0, 0, 0, 17, 154
"e:\java-projects\smart-community\community-admin\src\views\smart\meter\index.vue", "Vue", 0, 0, 0, 0, 0, 0, 120, 0, 0, 1, 8, 129
"e:\java-projects\smart-community\community-admin\src\views\smart\monitor\add-or-update.vue", "Vue", 0, 0, 0, 0, 0, 0, 145, 0, 0, 0, 19, 164
"e:\java-projects\smart-community\community-admin\src\views\smart\monitor\index.vue", "Vue", 0, 0, 0, 0, 0, 0, 133, 0, 0, 1, 13, 147
"e:\java-projects\smart-community\community-admin\src\views\smart\monitor\type-add-update.vue", "Vue", 0, 0, 0, 0, 0, 0, 74, 0, 0, 0, 13, 87
"e:\java-projects\smart-community\community-admin\src\views\smart\monitor\type.vue", "Vue", 0, 0, 0, 0, 0, 0, 63, 0, 0, 1, 6, 70
"e:\java-projects\smart-community\community-admin\src\views\society\activity\add-or-updates.vue", "Vue", 0, 0, 0, 0, 0, 0, 191, 0, 0, 5, 15, 211
"e:\java-projects\smart-community\community-admin\src\views\society\activity\edit.vue", "Vue", 0, 0, 0, 0, 0, 0, 10, 0, 0, 0, 2, 12
"e:\java-projects\smart-community\community-admin\src\views\society\activity\index.vue", "Vue", 0, 0, 0, 0, 0, 0, 153, 0, 0, 12, 12, 177
"e:\java-projects\smart-community\community-admin\src\views\society\invitation\index.vue", "Vue", 0, 0, 0, 0, 0, 0, 62, 0, 0, 4, 11, 77
"e:\java-projects\smart-community\community-admin\src\views\society\invitation\invitationDetails.vue", "Vue", 0, 0, 0, 0, 0, 0, 69, 0, 0, 0, 8, 77
"e:\java-projects\smart-community\community-admin\src\views\society\type\add-or-updates.vue", "Vue", 0, 0, 0, 0, 0, 0, 133, 0, 0, 28, 15, 176
"e:\java-projects\smart-community\community-admin\src\views\society\type\index.vue", "Vue", 0, 0, 0, 0, 0, 0, 107, 0, 0, 12, 11, 130
"e:\java-projects\smart-community\community-admin\src\views\sys\dict\data-add-or-update.vue", "Vue", 0, 0, 0, 0, 0, 0, 101, 0, 0, 0, 12, 113
"e:\java-projects\smart-community\community-admin\src\views\sys\dict\data-sql.vue", "Vue", 0, 0, 0, 0, 0, 0, 33, 0, 0, 0, 5, 38
"e:\java-projects\smart-community\community-admin\src\views\sys\dict\data.vue", "Vue", 0, 0, 0, 0, 0, 0, 74, 0, 0, 1, 6, 81
"e:\java-projects\smart-community\community-admin\src\views\sys\dict\type-add-or-update.vue", "Vue", 0, 0, 0, 0, 0, 0, 95, 0, 0, 1, 12, 108
"e:\java-projects\smart-community\community-admin\src\views\sys\dict\type.vue", "Vue", 0, 0, 0, 0, 0, 0, 103, 0, 0, 3, 9, 115
"e:\java-projects\smart-community\community-admin\src\views\sys\log\login.vue", "Vue", 0, 0, 0, 0, 0, 0, 61, 0, 0, 0, 5, 66
"e:\java-projects\smart-community\community-admin\src\views\sys\log\login\index.vue", "Vue", 0, 0, 0, 0, 0, 0, 55, 0, 0, 0, 5, 60
"e:\java-projects\smart-community\community-admin\src\views\sys\log\sms\index.vue", "Vue", 0, 0, 0, 0, 0, 0, 64, 0, 0, 0, 8, 72
"e:\java-projects\smart-community\community-admin\src\views\sys\menu\add-or-update.vue", "Vue", 0, 0, 0, 0, 0, 0, 237, 0, 0, 1, 25, 263
"e:\java-projects\smart-community\community-admin\src\views\sys\menu\index.vue", "Vue", 0, 0, 0, 0, 0, 0, 64, 0, 0, 0, 5, 69
"e:\java-projects\smart-community\community-admin\src\views\sys\org\add-or-update.vue", "Vue", 0, 0, 0, 0, 0, 0, 139, 0, 0, 0, 20, 159
"e:\java-projects\smart-community\community-admin\src\views\sys\org\index.vue", "Vue", 0, 0, 0, 0, 0, 0, 38, 0, 0, 0, 5, 43
"e:\java-projects\smart-community\community-admin\src\views\sys\post\add-or-update.vue", "Vue", 0, 0, 0, 0, 0, 0, 75, 0, 0, 0, 13, 88
"e:\java-projects\smart-community\community-admin\src\views\sys\post\index.vue", "Vue", 0, 0, 0, 0, 0, 0, 65, 0, 0, 1, 5, 71
"e:\java-projects\smart-community\community-admin\src\views\sys\role\add-or-update.vue", "Vue", 0, 0, 0, 0, 0, 0, 92, 0, 0, 0, 15, 107
"e:\java-projects\smart-community\community-admin\src\views\sys\role\data-scope.vue", "Vue", 0, 0, 0, 0, 0, 0, 82, 0, 0, 0, 14, 96
"e:\java-projects\smart-community\community-admin\src\views\sys\role\index.vue", "Vue", 0, 0, 0, 0, 0, 0, 95, 0, 0, 3, 8, 106
"e:\java-projects\smart-community\community-admin\src\views\sys\role\log\add-or-update.vue", "Vue", 0, 0, 0, 0, 0, 0, 67, 0, 0, 0, 13, 80
"e:\java-projects\smart-community\community-admin\src\views\sys\role\log\index.vue", "Vue", 0, 0, 0, 0, 0, 0, 64, 0, 0, 1, 8, 73
"e:\java-projects\smart-community\community-admin\src\views\sys\role\user.vue", "Vue", 0, 0, 0, 0, 0, 0, 114, 0, 0, 0, 9, 123
"e:\java-projects\smart-community\community-admin\src\views\sys\user\add-or-update.vue", "Vue", 0, 0, 0, 0, 0, 0, 156, 0, 0, 0, 16, 172
"e:\java-projects\smart-community\community-admin\src\views\sys\user\index.vue", "Vue", 0, 0, 0, 0, 0, 0, 126, 0, 0, 1, 11, 138
"e:\java-projects\smart-community\community-admin\tsconfig.json", "JSON with Comments", 0, 26, 0, 0, 0, 0, 0, 0, 0, 2, 1, 29
"e:\java-projects\smart-community\community-admin\vite.config.ts", "TypeScript", 0, 0, 0, 27, 0, 0, 0, 0, 0, 2, 3, 32
"Total", "-", 85, 26, 14, 1714, 75, 89, 12912, 260, 1, 507, 1700, 17383